Reference_No,Description,Target,Filed_Date,Response_Deadline,Status,Response_Summary,Next_Action,Assigned_To,Notes
C008481-071626,Alex Horton communications director - all texts and messages with media organizations Jan 2026 to date,Mayor's Law Office / Corporation Counsel,2026-07-16,2026-08-01,APPEALED,Denied 2026-07-17 - No Records Exist one-day turnaround,Await Morrissey response by Aug 1. If denied escalate to NYS Committee on Open Government,Mark DeVit,Appeal hand-delivered to Mayor's Law Office 2026-07-17. Original denial did not include acknowledgment.
,Sign work permits for 12 anti-panhandling signs 2025,Department of Building and Code Enforcement,,,DRAFT,,File request,,"See media_notes_krolikowski.md FOIL Action Log. Key question: did Administration pull permits under City Code 285-94 before installing any of the 12 signs."
,All records related to creation approval design installation cost and legal review of anti-panhandling signs (parallel to C007618-111325),Mayor's Office,,,DRAFT,,File request,,"TTTNJ received full release on C007618 in Nov 2025. Same records available. Request should cover Mayor's Office, Communications, Corporation Counsel, DPW, Police, any external vendors. Jan 1 2022 to present."
,All email communications between City of Troy and Flock Safety from Jan 2020 to present; maps of all camera locations (parallel to P007968 and P007969),Corporation Counsel / Police Department,,,DRAFT,,File request,,P007968 and P007969 were on Time Extension as of April 22 2026. Those requests sought internal Flock emails during the procurement that bypassed the council.
,All SEQRA process documents for LDC city hall proposal at 82-84 Fourth St Proctor's Theater including agency comments public comments LDC deliberations and conclusions,Mayor's Office / Troy LDC,,,DRAFT,,File request,,"C007635 still In Progress as of April 22. Proctor's Foundation lawsuit filed Feb 2026 alleges no SEQRA review was conducted. If no records exist that supports the lawsuit's core claim."
,Bond documents and closing statement for LDC Tax Exempt Revenue Bonds Series 2025 including use of proceeds covenants and conditions,Mayor's Office / Troy LDC,,,DRAFT,,File request,,C007641 still In Progress as of April 22. Bond funded the Proctor's city hall conversion.
,"Executed lease agreement between City of Troy or LDC and Columbia Development for 82-84 Fourth St; if no executed lease exists written confirmation of that fact and identification of who holds the original",Mayor's Office,,,DRAFT,,File request,,"C007649 returned No Records Exist. Council voted on a draft lease. Follow-up should ask specifically: does an executed lease exist who holds it and where was it filed. No Records Exist on this follow-up is itself a story."
,"All emails texts calendar invites and written communications sent or received by Mantello, Deputy Mayor Donnelly, and city staff that include Joseph Nicolla or any representative of Columbia Development Jan 2022 to present (parallel to C007633)",Mayor's Office,,,DRAFT,,File request,,"C007633 was Waiting for Payment as of April 22. Nicolla is the principal of Columbia Development the LDC's development partner. Internal comms during lease negotiation are directly relevant to whether the public process was legitimate."
,Names of TLDC staff who assisted with SEQRA evaluation and names of pro bono advisors who assisted (parallel to C007636),Mayor's Office / Troy LDC,,,DRAFT,,File request,,C007636 marked Not Public as of April 22. Staff names are generally not exempt under FOIL.
